season,round,race_name,race_date,circuit_id,country,driver_id,driver_code,given_name,family_name,constructor_id,constructor_name,grid,quali_position,finish_position,points,status,is_dnf,median_lap_time_seconds,mean_lap_time_seconds,total_laps_logged,avg_running_position,avg_finish_position_prior,finish_position_std_prior,recent_form_last_3,recent_points_last_3,dnf_rate_prior,avg_quali_position_prior,avg_lap_pace_prior,team_points_index_prior,team_finish_position_prior,track_avg_finish_prior,track_avg_points_prior,driver_consistency_score,qualifying_vs_grid_gap,is_top3,is_winner
2025,1,Australian Grand Prix,2025-03-16,albert_park,Australia,albon,ALB,Alexander,Albon,williams,Williams,6,6.0,5,10,Finished,0,150.52949999999998,150.52949999999998,2.0,7.0,12.666666666666666,2.5166114784235836,12.666666666666666,0.3333333333333333,0.0,14.0,146.385,0.2,14.6,8.666666666666666,5.666666666666667,2.5166114784235836,0.0,0,0
2022,1,Bahrain Grand Prix,2022-03-20,bahrain,Bahrain,albon,ALB,Alexander,Albon,williams,Williams,14,14.0,13,0,Finished,0,145.175,145.175,2.0,9.0,8.5,4.358898943540674,8.0,6.0,0.0,8.0,146.385,0.0,16.0,8.666666666666666,5.666666666666667,4.358898943540674,0.0,0,0
2023,1,Bahrain Grand Prix,2023-03-05,bahrain,Bahrain,albon,ALB,Alexander,Albon,williams,Williams,15,15.0,10,1,Finished,0,145.175,145.175,2.0,9.0,13.0,4.358898943540674,13.0,0.0,0.0,14.0,146.385,0.0,15.25,13.0,0.0,4.358898943540674,0.0,0,0
2024,1,Bahrain Grand Prix,2024-03-02,bahrain,Bahrain,albon,ALB,Alexander,Albon,williams,Williams,13,13.0,15,0,Lapped,0,145.175,145.175,2.0,9.0,11.5,2.1213203435596424,11.5,0.5,0.0,14.5,146.385,0.2,13.0,11.5,0.5,2.1213203435596424,0.0,0,0
2025,2,Chinese Grand Prix,2025-03-23,shanghai,China,albon,ALB,Alexander,Albon,williams,Williams,10,10.0,7,6,Finished,0,105.273,105.273,1.0,11.0,10.75,4.349329450233296,10.0,3.6666666666666665,0.0,12.0,150.52949999999998,2.0,14.0,8.666666666666666,5.666666666666667,4.349329450233296,0.0,0,0
2025,1,Australian Grand Prix,2025-03-16,albert_park,Australia,alonso,ALO,Fernando,Alonso,aston_martin,Aston Martin,12,12.0,17,0,Retired,0,153.293,153.293,2.0,10.0,8.285714285714286,5.55920515044749,5.666666666666667,9.0,0.0,5.833333333333333,146.385,7.2,6.6,8.666666666666666,5.666666666666667,5.55920515044749,0.0,0,0
2021,1,Bahrain Grand Prix,2021-03-28,bahrain,Bahrain,alonso,ALO,Fernando,Alonso,alpine,Alpine F1 Team,9,9.0,19,0,Brakes,0,145.175,145.175,2.0,9.0,8.5,4.358898943540674,8.0,6.0,0.0,8.0,146.385,4.800000000000001,9.1,8.666666666666666,5.666666666666667,4.358898943540674,0.0,0,0
2022,1,Bahrain Grand Prix,2022-03-20,bahrain,Bahrain,alonso,ALO,Fernando,Alonso,alpine,Alpine F1 Team,8,8.0,9,2,Finished,0,145.175,145.175,2.0,9.0,14.5,6.363961030678928,14.5,0.5,0.0,9.0,146.385,0.75,12.75,19.0,0.0,6.363961030678928,0.0,0,0
2023,1,Bahrain Grand Prix,2023-03-05,bahrain,Bahrain,alonso,ALO,Fernando,Alonso,aston_martin,Aston Martin,5,5.0,3,15,Finished,0,145.175,145.175,2.0,9.0,12.666666666666666,5.507570547286102,12.666666666666666,1.0,0.0,8.5,146.385,1.0,12.4,14.0,1.0,5.507570547286102,0.0,1,0
2024,1,Bahrain Grand Prix,2024-03-02,bahrain,Bahrain,alonso,ALO,Fernando,Alonso,aston_martin,Aston Martin,6,6.0,9,2,Finished,0,145.175,145.175,2.0,9.0,8.8,6.572670690061994,5.0,10.666666666666666,0.0,6.25,146.385,7.6,8.2,10.333333333333334,5.666666666666667,6.572670690061994,0.0,0,0
2021,2,Emilia Romagna Grand Prix,2021-04-18,imola,Italy,alonso,ALO,Fernando,Alonso,alpine,Alpine F1 Team,15,8.0,10,1,Finished,0,145.175,145.175,2.0,9.0,19.0,4.358898943540674,19.0,0.0,0.0,9.0,146.385,0.0,16.0,8.666666666666666,5.666666666666667,4.358898943540674,0.0,0,0
2023,2,Saudi Arabian Grand Prix,2023-03-19,jeddah,Saudi Arabia,alonso,ALO,Fernando,Alonso,aston_martin,Aston Martin,2,3.0,3,15,Finished,0,145.175,145.175,2.0,9.0,10.25,6.601767440112787,7.333333333333333,6.0,0.0,7.333333333333333,146.385,5.4,9.2,8.666666666666666,5.666666666666667,6.601767440112787,-1.0,1,0
2024,2,Saudi Arabian Grand Prix,2024-03-09,jeddah,Saudi Arabia,alonso,ALO,Fernando,Alonso,aston_martin,Aston Martin,4,4.0,5,10,Finished,0,145.175,145.175,2.0,9.0,8.833333333333334,5.879342366852493,5.0,10.666666666666666,0.0,6.2,146.385,8.2,6.2,3.0,15.0,5.879342366852493,0.0,0,0
2025,1,Australian Grand Prix,2025-03-16,albert_park,Australia,antonelli,ANT,Andrea Kimi,Antonelli,mercedes,Mercedes,16,16.0,4,12,Finished,0,156.07600000000002,156.07600000000002,2.0,13.0,8.5,4.358898943540674,8.0,6.0,0.0,8.0,146.385,7.6,6.2,8.666666666666666,5.666666666666667,4.358898943540674,0.0,0,0
2025,2,Chinese Grand Prix,2025-03-23,shanghai,China,antonelli,ANT,Andrea Kimi,Antonelli,mercedes,Mercedes,8,8.0,6,8,Finished,0,100.67750000000001,100.67750000000001,2.0,7.0,4.0,4.358898943540674,4.0,12.0,0.0,16.0,156.07600000000002,9.4,5.4,8.666666666666666,5.666666666666667,4.358898943540674,0.0,0,0
2025,1,Australian Grand Prix,2025-03-16,albert_park,Australia,bearman,BEA,Oliver,Bearman,haas,Haas F1 Team,20,20.0,14,0,Finished,0,149.413,149.413,1.0,17.0,7.0,4.358898943540674,7.0,6.0,0.0,8.0,146.385,0.4,12.2,8.666666666666666,5.666666666666667,4.358898943540674,0.0,0,0
2024,2,Saudi Arabian Grand Prix,2024-03-09,jeddah,Saudi Arabia,bearman,BEA,Oliver,Bearman,ferrari,Ferrari,11,8.0,7,6,Finished,0,145.175,145.175,2.0,9.0,8.5,4.358898943540674,8.0,6.0,0.0,8.0,146.385,10.6,4.8,8.666666666666666,5.666666666666667,4.358898943540674,0.0,0,0
2025,2,Chinese Grand Prix,2025-03-23,shanghai,China,bearman,BEA,Oliver,Bearman,haas,Haas F1 Team,17,8.0,8,4,Finished,0,107.687,107.687,1.0,16.0,10.5,4.949747468305833,10.5,3.0,0.0,20.0,149.413,0.2,13.0,8.666666666666666,5.666666666666667,4.949747468305833,0.0,0,0
2025,1,Australian Grand Prix,2025-03-16,albert_park,Australia,bortoleto,BOR,Gabriel,Bortoleto,sauber,Sauber,15,15.0,16,0,Retired,0,144.063,144.063,1.0,14.0,8.5,4.358898943540674,8.0,6.0,0.0,8.0,146.385,0.0,15.0,8.666666666666666,5.666666666666667,4.358898943540674,0.0,0,0
2021,1,Bahrain Grand Prix,2021-03-28,bahrain,Bahrain,bottas,BOT,Valtteri,Bottas,mercedes,Mercedes,3,3.0,3,16,Finished,0,145.175,145.175,2.0,9.0,8.5,4.358898943540674,8.0,6.0,0.0,8.0,146.385,4.800000000000001,9.1,8.666666666666666,5.666666666666667,4.358898943540674,0.0,1,0
2022,1,Bahrain Grand Prix,2022-03-20,bahrain,Bahrain,bottas,BOT,Valtteri,Bottas,alfa,Alfa Romeo,6,6.0,6,8,Finished,0,145.175,145.175,2.0,9.0,3.0,4.358898943540674,3.0,16.0,0.0,3.0,146.385,0.0,11.5,3.0,16.0,4.358898943540674,0.0,0,0
2023,1,Bahrain Grand Prix,2023-03-05,bahrain,Bahrain,bottas,BOT,Valtteri,Bottas,alfa,Alfa Romeo,12,12.0,8,4,Finished,0,145.175,145.175,2.0,9.0,4.5,2.1213203435596424,4.5,12.0,0.0,4.5,146.385,2.25,9.75,4.5,12.0,2.1213203435596424,0.0,0,0
2024,1,Bahrain Grand Prix,2024-03-02,bahrain,Bahrain,bottas,BOT,Valtteri,Bottas,sauber,Sauber,16,16.0,19,0,Lapped,0,145.175,145.175,2.0,9.0,5.666666666666667,2.516611478423583,5.666666666666667,9.333333333333334,0.0,7.0,146.385,4.800000000000001,9.1,5.666666666666667,9.333333333333334,2.516611478423583,0.0,0,0
2023,1,Bahrain Grand Prix,2023-03-05,bahrain,Bahrain,de_vries,DEV,Nyck,de Vries,alphatauri,AlphaTauri,19,19.0,14,0,Lapped,0,145.175,145.175,2.0,9.0,8.5,4.358898943540674,8.0,6.0,0.0,8.0,146.385,3.2,10.4,8.666666666666666,5.666666666666667,4.358898943540674,0.0,0,0
2025,1,Australian Grand Prix,2025-03-16,albert_park,Australia,doohan,DOO,Jack,Doohan,alpine,Alpine F1 Team,14,14.0,19,0,Retired,0,145.175,145.175,2.0,9.0,8.5,4.358898943540674,8.0,6.0,0.0,8.0,146.385,1.2,14.0,8.666666666666666,5.666666666666667,4.358898943540674,0.0,0,0
2025,1,Australian Grand Prix,2025-03-16,albert_park,Australia,gasly,GAS,Pierre,Gasly,alpine,Alpine F1 Team,9,9.0,11,0,Finished,0,152.721,152.721,2.0,9.0,12.571428571428571,5.50324579550235,12.0,1.3333333333333333,0.0,11.5,146.385,1.2,14.2,8.666666666666666,5.666666666666667,5.50324579550235,0.0,0,0
2021,1,Bahrain Grand Prix,2021-03-28,bahrain,Bahrain,gasly,GAS,Pierre,Gasly,alphatauri,AlphaTauri,5,5.0,17,0,Retired,0,145.175,145.175,2.0,9.0,8.5,4.358898943540674,8.0,6.0,0.0,8.0,146.385,4.800000000000001,9.1,8.666666666666666,5.666666666666667,4.358898943540674,0.0,0,0
2022,1,Bahrain Grand Prix,2022-03-20,bahrain,Bahrain,gasly,GAS,Pierre,Gasly,alphatauri,AlphaTauri,10,10.0,20,0,Power Unit,0,145.175,145.175,2.0,9.0,12.0,7.0710678118654755,12.0,3.0,0.0,5.0,146.385,2.6666666666666665,11.0,17.0,0.0,7.0710678118654755,0.0,0,0
2023,1,Bahrain Grand Prix,2023-03-05,bahrain,Bahrain,gasly,GAS,Pierre,Gasly,alpine,Alpine F1 Team,20,20.0,9,2,Finished,0,145.175,145.175,2.0,9.0,13.0,6.48074069840786,11.666666666666666,3.3333333333333335,0.0,7.25,146.385,3.8,8.2,18.5,0.0,6.48074069840786,0.0,0,0
2024,1,Bahrain Grand Prix,2024-03-02,bahrain,Bahrain,gasly,GAS,Pierre,Gasly,alpine,Alpine F1 Team,20,20.0,18,0,Lapped,0,145.175,145.175,2.0,9.0,11.666666666666666,5.428320796219276,8.666666666666666,2.6666666666666665,0.0,9.8,146.385,3.2,10.0,15.333333333333334,0.6666666666666666,5.428320796219276,0.0,0,0
2021,2,Emilia Romagna Grand Prix,2021-04-18,imola,Italy,gasly,GAS,Pierre,Gasly,alphatauri,AlphaTauri,5,5.0,7,6,Finished,0,145.175,145.175,2.0,9.0,17.0,4.358898943540674,17.0,0.0,0.0,5.0,146.385,1.0,13.0,8.666666666666666,5.666666666666667,4.358898943540674,0.0,0,0
2022,2,Saudi Arabian Grand Prix,2022-03-27,jeddah,Saudi Arabia,gasly,GAS,Pierre,Gasly,alphatauri,AlphaTauri,9,9.0,8,4,Finished,0,145.175,145.175,2.0,9.0,14.666666666666666,6.8068592855540455,14.666666666666666,2.0,0.0,6.666666666666667,146.385,2.4,12.2,8.666666666666666,5.666666666666667,6.8068592855540455,0.0,0,0
2023,2,Saudi Arabian Grand Prix,2023-03-19,jeddah,Saudi Arabia,gasly,GAS,Pierre,Gasly,alpine,Alpine F1 Team,9,8.0,9,2,Finished,0,145.175,145.175,2.0,9.0,12.2,5.890670590009257,12.333333333333334,2.0,0.0,9.8,146.385,3.6,9.8,8.0,4.0,5.890670590009257,0.0,0,0
2021,1,Bahrain Grand Prix,2021-03-28,bahrain,Bahrain,giovinazzi,GIO,Antonio,Giovinazzi,alfa,Alfa Romeo,12,12.0,12,0,+1 Lap,0,145.175,145.175,2.0,9.0,8.5,4.358898943540674,8.0,6.0,0.0,8.0,146.385,4.800000000000001,9.1,8.666666666666666,5.666666666666667,4.358898943540674,0.0,0,0
2025,1,Australian Grand Prix,2025-03-16,albert_park,Australia,hadjar,HAD,Isack,Hadjar,rb,RB F1 Team,11,11.0,20,0,Retired,0,145.175,145.175,2.0,9.0,8.5,4.358898943540674,8.0,6.0,0.0,8.0,146.385,0.0,13.5,8.666666666666666,5.666666666666667,4.358898943540674,0.0,0,0
2025,1,Australian Grand Prix,2025-03-16,albert_park,Australia,hamilton,HAM,Lewis,Hamilton,ferrari,Ferrari,8,8.0,10,1,Finished,0,151.39550000000003,151.39550000000003,2.0,8.0,5.25,3.24037034920393,7.0,6.0,0.0,5.714285714285714,146.385,11.4,4.6,8.666666666666666,5.666666666666667,3.24037034920393,0.0,0,0
2021,1,Bahrain Grand Prix,2021-03-28,bahrain,Bahrain,hamilton,HAM,Lewis,Hamilton,mercedes,Mercedes,2,2.0,1,25,Finished,0,145.175,145.175,2.0,9.0,8.5,4.358898943540674,8.0,6.0,0.0,8.0,146.385,16.0,3.0,8.666666666666666,5.666666666666667,4.358898943540674,0.0,1,1
2022,1,Bahrain Grand Prix,2022-03-20,bahrain,Bahrain,hamilton,HAM,Lewis,Hamilton,mercedes,Mercedes,5,5.0,3,15,Finished,0,145.175,145.175,2.0,9.0,1.5,0.7071067811865476,1.5,22.0,0.0,1.5,146.385,20.0,2.0,1.0,25.0,0.7071067811865476,0.0,1,0
2023,1,Bahrain Grand Prix,2023-03-05,bahrain,Bahrain,hamilton,HAM,Lewis,Hamilton,mercedes,Mercedes,7,7.0,5,10,Finished,0,145.175,145.175,2.0,9.0,4.0,4.08248290463863,5.0,11.666666666666666,0.0,2.6666666666666665,146.385,11.4,4.8,2.0,20.0,4.08248290463863,0.0,0,0
2024,1,Bahrain Grand Prix,2024-03-02,bahrain,Bahrain,hamilton,HAM,Lewis,Hamilton,mercedes,Mercedes,9,9.0,7,6,Finished,0,145.175,145.175,2.0,9.0,4.333333333333333,3.204163957519444,6.666666666666667,7.0,0.0,4.6,146.385,9.6,5.2,3.0,16.666666666666668,3.204163957519444,0.0,0,0
2021,2,Emilia Romagna Grand Prix,2021-04-18,imola,Italy,hamilton,HAM,Lewis,Hamilton,mercedes,Mercedes,1,1.0,2,19,Finished,0,145.175,145.175,2.0,9.0,1.0,4.358898943540674,1.0,25.0,0.0,2.0,146.385,20.5,2.0,8.666666666666666,5.666666666666667,4.358898943540674,0.0,1,0
2022,2,Saudi Arabian Grand Prix,2022-03-27,jeddah,Saudi Arabia,hamilton,HAM,Lewis,Hamilton,mercedes,Mercedes,15,8.0,10,1,Finished,0,145.175,145.175,2.0,9.0,2.0,1.0,2.0,19.666666666666668,0.0,2.6666666666666665,146.385,17.4,2.6,8.666666666666666,5.666666666666667,1.0,0.0,0,0
2023,2,Saudi Arabian Grand Prix,2023-03-19,jeddah,Saudi Arabia,hamilton,HAM,Lewis,Hamilton,mercedes,Mercedes,7,8.0,5,10,Finished,0,145.175,145.175,2.0,9.0,4.2,3.5637059362410923,6.0,8.666666666666666,0.0,3.75,146.385,7.8,6.2,10.0,1.0,3.5637059362410923,-1.0,0,0
2024,2,Saudi Arabian Grand Prix,2024-03-09,jeddah,Saudi Arabia,hamilton,HAM,Lewis,Hamilton,mercedes,Mercedes,8,8.0,9,2,Finished,0,145.175,145.175,2.0,9.0,4.714285714285714,3.093772546815388,5.666666666666667,8.666666666666666,0.0,5.333333333333333,146.385,8.8,5.6,7.5,5.5,3.093772546815388,0.0,0,0
2025,1,Australian Grand Prix,2025-03-16,albert_park,Australia,hulkenberg,HUL,Nico,Hülkenberg,sauber,Sauber,17,17.0,7,6,Finished,0,155.3095,155.3095,2.0,12.0,14.5,3.1091263510296048,13.666666666666666,0.3333333333333333,0.0,12.333333333333334,146.385,0.0,15.333333333333334,8.666666666666666,5.666666666666667,3.1091263510296048,0.0,0,0
2022,1,Bahrain Grand Prix,2022-03-20,bahrain,Bahrain,hulkenberg,HUL,Nico,Hülkenberg,aston_martin,Aston Martin,17,17.0,17,0,Finished,0,145.175,145.175,2.0,9.0,8.5,4.358898943540674,8.0,6.0,0.0,8.0,146.385,1.6666666666666667,11.0,8.666666666666666,5.666666666666667,4.358898943540674,0.0,0,0
2023,1,Bahrain Grand Prix,2023-03-05,bahrain,Bahrain,hulkenberg,HUL,Nico,Hülkenberg,haas,Haas F1 Team,10,10.0,15,0,Lapped,0,145.175,145.175,2.0,9.0,17.0,4.358898943540674,17.0,0.0,0.0,17.0,146.385,2.4,12.2,17.0,0.0,4.358898943540674,0.0,0,0
2024,1,Bahrain Grand Prix,2024-03-02,bahrain,Bahrain,hulkenberg,HUL,Nico,Hülkenberg,haas,Haas F1 Team,10,10.0,16,0,Lapped,0,145.175,145.175,2.0,9.0,16.0,1.4142135623730951,16.0,0.0,0.0,13.5,146.385,0.6,11.6,16.0,0.0,1.4142135623730951,0.0,0,0
2024,2,Saudi Arabian Grand Prix,2024-03-09,jeddah,Saudi Arabia,hulkenberg,HUL,Nico,Hülkenberg,haas,Haas F1 Team,15,8.0,10,1,Finished,0,145.175,145.175,2.0,9.0,16.0,1.0,16.0,0.0,0.0,12.333333333333334,146.385,0.2,13.2,8.666666666666666,5.666666666666667,1.0,0.0,0,0
2022,1,Bahrain Grand Prix,2022-03-20,bahrain,Bahrain,kevin_magnussen,MAG,Kevin,Magnussen,haas,Haas F1 Team,7,7.0,5,10,Finished,0,145.175,145.175,2.0,9.0,8.5,4.358898943540674,8.0,6.0,0.0,8.0,146.385,0.0,18.0,8.666666666666666,5.666666666666667,4.358898943540674,0.0,0,0
2023,1,Bahrain Grand Prix,2023-03-05,bahrain,Bahrain,kevin_magnussen,MAG,Kevin,Magnussen,haas,Haas F1 Team,17,17.0,13,0,Lapped,0,145.175,145.175,2.0,9.0,7.0,2.8284271247461903,7.0,6.0,0.0,8.5,146.385,2.4,11.2,5.0,10.0,2.8284271247461903,0.0,0,0
2024,1,Bahrain Grand Prix,2024-03-02,bahrain,Bahrain,kevin_magnussen,MAG,Kevin,Magnussen,haas,Haas F1 Team,15,15.0,12,0,Lapped,0,145.175,145.175,2.0,9.0,9.25,3.304037933599835,10.666666666666666,1.0,0.0,11.333333333333334,146.385,0.6,12.6,9.0,5.0,3.304037933599835,0.0,0,0
2022,2,Saudi Arabian Grand Prix,2022-03-27,jeddah,Saudi Arabia,kevin_magnussen,MAG,Kevin,Magnussen,haas,Haas F1 Team,10,10.0,9,2,Finished,0,145.175,145.175,2.0,9.0,5.0,4.358898943540674,5.0,10.0,0.0,7.0,146.385,2.5,13.0,8.666666666666666,5.666666666666667,4.358898943540674,0.0,0,0
2023,2,Saudi Arabian Grand Prix,2023-03-19,jeddah,Saudi Arabia,kevin_magnussen,MAG,Kevin,Magnussen,haas,Haas F1 Team,13,8.0,10,1,Finished,0,145.175,145.175,2.0,9.0,9.0,4.0,9.0,4.0,0.0,11.333333333333334,146.385,2.4,10.6,9.0,2.0,4.0,0.0,0,0
2021,1,Bahrain Grand Prix,2021-03-28,bahrain,Bahrain,latifi,LAT,Nicholas,Latifi,williams,Williams,17,17.0,18,0,Retired,0,145.175,145.175,2.0,9.0,8.5,4.358898943540674,8.0,6.0,0.0,8.0,146.385,4.800000000000001,9.1,8.666666666666666,5.666666666666667,4.358898943540674,0.0,0,0
2022,1,Bahrain Grand Prix,2022-03-20,bahrain,Bahrain,latifi,LAT,Nicholas,Latifi,williams,Williams,20,20.0,16,0,Finished,0,145.175,145.175,2.0,9.0,18.0,4.358898943540674,18.0,0.0,0.0,17.0,146.385,0.0,15.0,18.0,0.0,4.358898943540674,0.0,0,0
2025,1,Australian Grand Prix,2025-03-16,albert_park,Australia,lawson,LAW,Liam,Lawson,red_bull,Red Bull,18,18.0,15,0,Retired,0,148.79500000000002,148.79500000000002,1.0,16.0,8.5,4.358898943540674,8.0,6.0,0.0,8.0,146.385,22.4,1.4,8.666666666666666,5.666666666666667,4.358898943540674,0.0,0,0
2025,1,Australian Grand Prix,2025-03-16,albert_park,Australia,leclerc,LEC,Charles,Leclerc,ferrari,Ferrari,7,7.0,8,4,Finished,0,147.85649999999998,147.85649999999998,2.0,5.0,5.75,5.70087712549569,4.666666666666667,11.333333333333334,0.0,2.5,146.385,10.0,5.4,8.666666666666666,5.666666666666667,5.70087712549569,0.0,0,0
2021,1,Bahrain Grand Prix,2021-03-28,bahrain,Bahrain,leclerc,LEC,Charles,Leclerc,ferrari,Ferrari,4,4.0,6,8,Finished,0,145.175,145.175,2.0,9.0,8.5,4.358898943540674,8.0,6.0,0.0,8.0,146.385,4.800000000000001,9.1,8.666666666666666,5.666666666666667,4.358898943540674,0.0,0,0
2022,1,Bahrain Grand Prix,2022-03-20,bahrain,Bahrain,leclerc,LEC,Charles,Leclerc,ferrari,Ferrari,1,1.0,1,26,Finished,0,145.175,145.175,2.0,9.0,5.0,1.4142135623730951,5.0,10.0,0.0,4.0,146.385,8.5,5.75,6.0,8.0,1.4142135623730951,0.0,1,1
2023,1,Bahrain Grand Prix,2023-03-05,bahrain,Bahrain,leclerc,LEC,Charles,Leclerc,ferrari,Ferrari,3,3.0,19,0,Retired,0,145.175,145.175,2.0,9.0,3.25,2.217355782608345,2.3333333333333335,19.0,0.0,2.75,146.385,17.6,2.6,3.5,17.0,2.217355782608345,0.0,0,0
2024,1,Bahrain Grand Prix,2024-03-02,bahrain,Bahrain,leclerc,LEC,Charles,Leclerc,ferrari,Ferrari,2,2.0,4,12,Finished,0,145.175,145.175,2.0,9.0,6.5,6.534523701081817,9.333333333333334,8.333333333333334,0.0,2.6666666666666665,146.385,8.2,7.8,8.666666666666666,11.333333333333334,6.534523701081817,0.0,0,0
2021,2,Emilia Romagna Grand Prix,2021-04-18,imola,Italy,leclerc,LEC,Charles,Leclerc,ferrari,Ferrari,4,4.0,4,12,Finished,0,145.175,145.175,2.0,9.0,6.0,4.358898943540674,6.0,8.0,0.0,4.0,146.385,6.0,7.0,8.666666666666666,5.666666666666667,4.358898943540674,0.0,0,0
2022,2,Saudi Arabian Grand Prix,2022-03-27,jeddah,Saudi Arabia,leclerc,LEC,Charles,Leclerc,ferrari,Ferrari,2,2.0,2,19,Finished,0,145.175,145.175,2.0,9.0,3.6666666666666665,2.5166114784235836,3.6666666666666665,15.333333333333334,0.0,3.0,146.385,14.0,4.0,8.666666666666666,5.666666666666667,2.5166114784235836,0.0,1,0
2023,2,Saudi Arabian Grand Prix,2023-03-19,jeddah,Saudi Arabia,leclerc,LEC,Charles,Leclerc,ferrari,Ferrari,12,2.0,7,6,Finished,0,145.175,145.175,2.0,9.0,6.4,7.3006848993775915,7.333333333333333,15.0,0.0,2.8,146.385,12.8,6.0,2.0,19.0,7.3006848993775915,10.0,0,0
2024,2,Saudi Arabian Grand Prix,2024-03-09,jeddah,Saudi Arabia,leclerc,LEC,Charles,Leclerc,ferrari,Ferrari,2,2.0,3,16,Finished,0,145.175,145.175,2.0,9.0,6.142857142857143,6.03955217513604,10.0,6.0,0.0,2.5714285714285716,146.385,9.4,5.4,4.5,12.5,6.03955217513604,0.0,1,0
2025,1,Australian Grand Prix,2025-03-16,albert_park,Australia,max_verstappen,VER,Max,Verstappen,red_bull,Red Bull,3,3.0,2,18,Finished,0,144.357,144.357,2.0,2.0,3.5,6.279217421667404,1.3333333333333333,23.333333333333332,0.0,3.5,146.385,17.4,4.2,8.666666666666666,5.666666666666667,6.279217421667404,0.0,1,0
2021,1,Bahrain Grand Prix,2021-03-28,bahrain,Bahrain,max_verstappen,VER,Max,Verstappen,red_bull,Red Bull,1,1.0,2,18,Finished,0,145.175,145.175,2.0,9.0,8.5,4.358898943540674,8.0,6.0,0.0,8.0,146.385,4.800000000000001,9.1,8.666666666666666,5.666666666666667,4.358898943540674,0.0,1,0
2022,1,Bahrain Grand Prix,2022-03-20,bahrain,Bahrain,max_verstappen,VER,Max,Verstappen,red_bull,Red Bull,2,2.0,19,0,Fuel pressure,0,145.175,145.175,2.0,9.0,1.5,0.7071067811865476,1.5,21.5,0.0,2.0,146.385,17.666666666666668,2.6666666666666665,2.0,18.0,0.7071067811865476,0.0,0,0
2023,1,Bahrain Grand Prix,2023-03-05,bahrain,Bahrain,max_verstappen,VER,Max,Verstappen,red_bull,Red Bull,1,1.0,1,25,Finished,0,145.175,145.175,2.0,9.0,5.75,8.845903006477068,7.0,16.666666666666668,0.0,2.5,146.385,12.4,8.6,10.5,9.0,8.845903006477068,0.0,1,1
2024,1,Bahrain Grand Prix,2024-03-02,bahrain,Bahrain,max_verstappen,VER,Max,Verstappen,red_bull,Red Bull,1,1.0,1,26,Finished,0,145.175,145.175,2.0,9.0,4.333333333333333,7.201851613763413,1.3333333333333333,23.0,0.0,4.333333333333333,146.385,19.8,2.0,7.333333333333333,14.333333333333334,7.201851613763413,0.0,1,1
2021,2,Emilia Romagna Grand Prix,2021-04-18,imola,Italy,max_verstappen,VER,Max,Verstappen,red_bull,Red Bull,3,3.0,1,25,Finished,0,145.175,145.175,2.0,9.0,2.0,4.358898943540674,2.0,18.0,0.0,1.0,146.385,14.0,3.5,8.666666666666666,5.666666666666667,4.358898943540674,0.0,1,1
2022,2,Saudi Arabian Grand Prix,2022-03-27,jeddah,Saudi Arabia,max_verstappen,VER,Max,Verstappen,red_bull,Red Bull,4,4.0,1,25,Finished,0,145.175,145.175,2.0,9.0,7.333333333333333,10.115993936995679,7.333333333333333,14.333333333333334,0.0,2.0,146.385,10.6,9.0,8.666666666666666,5.666666666666667,10.115993936995679,0.0,1,1
2023,2,Saudi Arabian Grand Prix,2023-03-19,jeddah,Saudi Arabia,max_verstappen,VER,Max,Verstappen,red_bull,Red Bull,15,15.0,2,19,Finished,0,145.175,145.175,2.0,9.0,4.8,7.9498427657407165,7.0,16.666666666666668,0.0,2.2,146.385,16.0,5.2,1.0,25.0,7.9498427657407165,0.0,1,0
2024,2,Saudi Arabian Grand Prix,2024-03-09,jeddah,Saudi Arabia,max_verstappen,VER,Max,Verstappen,red_bull,Red Bull,1,1.0,1,25,Finished,0,145.175,145.175,2.0,9.0,3.857142857142857,6.693991620066746,1.3333333333333333,23.333333333333332,0.0,3.857142857142857,146.385,21.2,1.6,1.5,22.0,6.693991620066746,0.0,1,1
2025,2,Chinese Grand Prix,2025-03-23,shanghai,China,max_verstappen,VER,Max,Verstappen,red_bull,Red Bull,4,4.0,4,12,Finished,0,100.2765,100.2765,2.0,6.0,3.3333333333333335,5.8949130612757985,1.3333333333333333,23.0,0.0,3.4444444444444446,144.357,15.8,4.4,8.666666666666666,5.666666666666667,5.8949130612757985,0.0,0,0
2021,1,Bahrain Grand Prix,2021-03-28,bahrain,Bahrain,mazepin,MAZ,Nikita,Mazepin,haas,Haas F1 Team,19,20.0,20,0,Accident,0,145.175,145.175,2.0,9.0,8.5,4.358898943540674,8.0,6.0,0.0,8.0,146.385,4.800000000000001,9.1,8.666666666666666,5.666666666666667,4.358898943540674,-1.0,0,0
2021,1,Bahrain Grand Prix,2021-03-28,bahrain,Bahrain,mick_schumacher,MSC,Mick,Schumacher,haas,Haas F1 Team,18,19.0,16,0,+1 Lap,0,145.175,145.175,2.0,9.0,8.5,4.358898943540674,8.0,6.0,0.0,8.0,146.385,0.0,20.0,8.666666666666666,5.666666666666667,4.358898943540674,-1.0,0,0
2022,1,Bahrain Grand Prix,2022-03-20,bahrain,Bahrain,mick_schumacher,MSC,Mick,Schumacher,haas,Haas F1 Team,12,12.0,11,0,Finished,0,145.175,145.175,2.0,9.0,16.0,4.358898943540674,16.0,0.0,0.0,19.0,146.385,3.3333333333333335,13.666666666666666,16.0,0.0,4.358898943540674,0.0,0,0
2025,1,Australian Grand Prix,2025-03-16,albert_park,Australia,norris,NOR,Lando,Norris,mclaren,McLaren,1,1.0,1,25,Finished,0,143.49349999999998,143.49349999999998,2.0,1.0,8.571428571428571,5.380741673076394,10.333333333333334,4.0,0.0,8.5,146.385,5.6,9.2,8.666666666666666,5.666666666666667,5.380741673076394,0.0,1,1
2021,1,Bahrain Grand Prix,2021-03-28,bahrain,Bahrain,norris,NOR,Lando,Norris,mclaren,McLaren,7,7.0,4,12,Finished,0,145.175,145.175,2.0,9.0,8.5,4.358898943540674,8.0,6.0,0.0,8.0,146.385,4.800000000000001,9.1,8.666666666666666,5.666666666666667,4.358898943540674,0.0,0,0
2022,1,Bahrain Grand Prix,2022-03-20,bahrain,Bahrain,norris,NOR,Lando,Norris,mclaren,McLaren,13,13.0,15,0,Finished,0,145.175,145.175,2.0,9.0,3.5,0.7071067811865476,3.5,13.5,0.0,7.0,146.385,10.25,5.0,4.0,12.0,0.7071067811865476,0.0,0,0
2023,1,Bahrain Grand Prix,2023-03-05,bahrain,Bahrain,norris,NOR,Lando,Norris,mclaren,McLaren,11,11.0,17,0,Lapped,0,145.175,145.175,2.0,9.0,7.25,5.439056290693573,8.333333333333334,7.0,0.0,9.0,146.385,5.8,9.0,9.5,6.0,5.439056290693573,0.0,0,0
2024,1,Bahrain Grand Prix,2024-03-02,bahrain,Bahrain,norris,NOR,Lando,Norris,mclaren,McLaren,7,7.0,6,8,Finished,0,145.175,145.175,2.0,9.0,9.2,6.418722614352485,13.0,2.0,0.0,9.5,146.385,1.2,14.6,12.0,4.0,6.418722614352485,0.0,0,0
2021,2,Emilia Romagna Grand Prix,2021-04-18,imola,Italy,norris,NOR,Lando,Norris,mclaren,McLaren,7,7.0,3,15,Finished,0,145.175,145.175,2.0,9.0,4.0,4.358898943540674,4.0,12.0,0.0,7.0,146.385,9.0,5.5,8.666666666666666,5.666666666666667,4.358898943540674,0.0,1,0
2022,2,Saudi Arabian Grand Prix,2022-03-27,jeddah,Saudi Arabia,norris,NOR,Lando,Norris,mclaren,McLaren,11,8.0,7,6,Finished,0,145.175,145.175,2.0,9.0,7.333333333333333,6.6583281184793925,7.333333333333333,9.0,0.0,9.0,146.385,5.8,9.0,8.666666666666666,5.666666666666667,6.6583281184793925,0.0,0,0
2024,2,Saudi Arabian Grand Prix,2024-03-09,jeddah,Saudi Arabia,norris,NOR,Lando,Norris,mclaren,McLaren,6,6.0,8,4,Finished,0,145.175,145.175,2.0,9.0,8.666666666666666,5.8878405775518985,10.0,4.666666666666667,0.0,9.0,146.385,3.6,11.6,7.0,6.0,5.8878405775518985,0.0,0,0
2025,2,Chinese Grand Prix,2025-03-23,shanghai,China,norris,NOR,Lando,Norris,mclaren,McLaren,3,3.0,2,18,Finished,0,98.4905,98.4905,2.0,2.0,7.625,5.655275665884277,5.0,12.333333333333334,0.0,7.428571428571429,143.49349999999998,9.4,6.0,8.666666666666666,5.666666666666667,5.655275665884277,0.0,1,0
2025,1,Australian Grand Prix,2025-03-16,albert_park,Australia,ocon,OCO,Esteban,Ocon,haas,Haas F1 Team,19,19.0,13,0,Finished,0,145.769,145.769,1.0,15.0,11.142857142857142,4.879500364742666,14.333333333333334,1.3333333333333333,0.0,10.857142857142858,146.385,0.4,12.4,8.666666666666666,5.666666666666667,4.879500364742666,0.0,0,0
2021,1,Bahrain Grand Prix,2021-03-28,bahrain,Bahrain,ocon,OCO,Esteban,Ocon,alpine,Alpine F1 Team,16,16.0,13,0,+1 Lap,0,145.175,145.175,2.0,9.0,8.5,4.358898943540674,8.0,6.0,0.0,8.0,146.385,0.0,19.0,8.666666666666666,5.666666666666667,4.358898943540674,0.0,0,0
2022,1,Bahrain Grand Prix,2022-03-20,bahrain,Bahrain,ocon,OCO,Esteban,Ocon,alpine,Alpine F1 Team,11,11.0,7,6,Finished,0,145.175,145.175,2.0,9.0,11.0,2.8284271247461903,11.0,1.0,0.0,12.5,146.385,1.0,12.0,13.0,0.0,2.8284271247461903,0.0,0,0
2023,1,Bahrain Grand Prix,2023-03-05,bahrain,Bahrain,ocon,OCO,Esteban,Ocon,alpine,Alpine F1 Team,9,9.0,18,0,Retired,0,145.175,145.175,2.0,9.0,8.75,3.0956959368344514,7.333333333333333,5.333333333333333,0.0,10.25,146.385,4.0,8.0,10.0,3.0,3.0956959368344514,0.0,0,0
2024,1,Bahrain Grand Prix,2024-03-02,bahrain,Bahrain,ocon,OCO,Esteban,Ocon,alpine,Alpine F1 Team,19,19.0,17,0,Lapped,0,145.175,145.175,2.0,9.0,10.166666666666666,4.535048695071164,10.666666666666666,4.0,0.0,9.5,146.385,1.6,12.4,12.666666666666666,2.0,4.535048695071164,0.0,0,0
2021,2,Emilia Romagna Grand Prix,2021-04-18,imola,Italy,ocon,OCO,Esteban,Ocon,alpine,Alpine F1 Team,9,9.0,9,2,Finished,0,145.175,145.175,2.0,9.0,13.0,4.358898943540674,13.0,0.0,0.0,16.0,146.385,0.3333333333333333,14.0,8.666666666666666,5.666666666666667,4.358898943540674,0.0,0,0
2022,2,Saudi Arabian Grand Prix,2022-03-27,jeddah,Saudi Arabia,ocon,OCO,Esteban,Ocon,alpine,Alpine F1 Team,5,5.0,6,8,Finished,0,145.175,145.175,2.0,9.0,9.666666666666666,3.055050463303893,9.666666666666666,2.6666666666666665,0.0,12.0,146.385,2.2,9.6,8.666666666666666,5.666666666666667,3.055050463303893,0.0,0,0
2023,2,Saudi Arabian Grand Prix,2023-03-19,jeddah,Saudi Arabia,ocon,OCO,Esteban,Ocon,alpine,Alpine F1 Team,6,7.0,8,4,Finished,0,145.175,145.175,2.0,9.0,10.6,4.929503017546495,10.333333333333334,4.666666666666667,0.0,10.0,146.385,3.6,9.8,6.0,8.0,4.929503017546495,-1.0,0,0
2025,2,Chinese Grand Prix,2025-03-23,shanghai,China,ocon,OCO,Esteban,Ocon,haas,Haas F1 Team,11,8.0,5,10,Finished,0,101.9685,101.9685,2.0,10.0,11.375,4.565006649971686,12.666666666666666,1.3333333333333333,0.0,11.875,145.769,1.0,11.4,8.666666666666666,5.666666666666667,4.565006649971686,0.0,0,0
2021,1,Bahrain Grand Prix,2021-03-28,bahrain,Bahrain,perez,PER,Sergio,Pérez,red_bull,Red Bull,0,11.0,5,10,Finished,0,145.175,145.175,2.0,9.0,8.5,4.358898943540674,8.0,6.0,0.0,8.0,146.385,18.0,2.0,8.666666666666666,5.666666666666667,4.358898943540674,-11.0,0,0
2022,1,Bahrain Grand Prix,2022-03-20,bahrain,Bahrain,perez,PER,Sergio,Pérez,red_bull,Red Bull,4,4.0,18,0,Fuel pressure,0,145.175,145.175,2.0,9.0,5.0,4.358898943540674,5.0,10.0,0.0,11.0,146.385,13.25,6.75,5.0,10.0,4.358898943540674,0.0,0,0
2023,1,Bahrain Grand Prix,2023-03-05,bahrain,Bahrain,perez,PER,Sergio,Pérez,red_bull,Red Bull,2,2.0,2,18,Finished,0,145.175,145.175,2.0,9.0,9.0,7.810249675906654,9.0,7.333333333333333,0.0,5.333333333333333,146.385,12.4,8.6,11.5,5.0,7.810249675906654,0.0,1,0
2024,1,Bahrain Grand Prix,2024-03-02,bahrain,Bahrain,perez,PER,Sergio,Pérez,red_bull,Red Bull,5,5.0,2,18,Finished,0,145.175,145.175,2.0,9.0,6.0,6.892024376045111,2.3333333333333335,18.333333333333332,0.0,3.8,146.385,22.6,1.4,8.333333333333334,9.333333333333334,6.892024376045111,0.0,1,0
2022,2,Saudi Arabian Grand Prix,2022-03-27,jeddah,Saudi Arabia,perez,PER,Sergio,Pérez,red_bull,Red Bull,1,1.0,4,12,Finished,0,145.175,145.175,2.0,9.0,11.5,9.192388155425117,11.5,5.0,0.0,7.5,146.385,12.0,8.8,8.666666666666666,5.666666666666667,9.192388155425117,0.0,0,0
2023,2,Saudi Arabian Grand Prix,2023-03-19,jeddah,Saudi Arabia,perez,PER,Sergio,Pérez,red_bull,Red Bull,1,1.0,1,25,Finished,0,145.175,145.175,2.0,9.0,7.25,7.274384280931732,8.0,10.0,0.0,4.5,146.385,19.8,2.0,4.0,12.0,7.274384280931732,0.0,1,1
2024,2,Saudi Arabian Grand Prix,2024-03-09,jeddah,Saudi Arabia,perez,PER,Sergio,Pérez,red_bull,Red Bull,3,3.0,2,18,Finished,0,145.175,145.175,2.0,9.0,5.333333333333333,6.377042156569664,1.6666666666666667,20.333333333333332,0.0,4.0,146.385,22.6,1.4,2.5,18.5,6.377042156569664,0.0,1,0
2025,1,Australian Grand Prix,2025-03-16,albert_park,Australia,piastri,PIA,Oscar,Piastri,mclaren,McLaren,2,2.0,9,2,Finished,0,145.175,145.175,2.0,3.0,10.666666666666666,8.32666399786453,10.666666666666666,5.333333333333333,0.0,10.333333333333334,146.385,10.6,5.4,8.666666666666666,5.666666666666667,8.32666399786453,0.0,0,0
2023,1,Bahrain Grand Prix,2023-03-05,bahrain,Bahrain,piastri,PIA,Oscar,Piastri,mclaren,McLaren,18,18.0,20,0,Retired,0,145.175,145.175,2.0,9.0,8.5,4.358898943540674,8.0,6.0,0.0,8.0,146.385,2.8,11.8,8.666666666666666,5.666666666666667,4.358898943540674,0.0,0,0
2024,1,Bahrain Grand Prix,2024-03-02,bahrain,Bahrain,piastri,PIA,Oscar,Piastri,mclaren,McLaren,8,8.0,8,4,Finished,0,145.175,145.175,2.0,9.0,20.0,4.358898943540674,20.0,0.0,0.0,18.0,146.385,2.8,12.8,20.0,0.0,4.358898943540674,0.0,0,0
2024,2,Saudi Arabian Grand Prix,2024-03-09,jeddah,Saudi Arabia,piastri,PIA,Oscar,Piastri,mclaren,McLaren,5,5.0,4,12,Finished,0,145.175,145.175,2.0,9.0,14.0,8.48528137423857,14.0,2.0,0.0,13.0,146.385,3.2,11.8,8.666666666666666,5.666666666666667,8.48528137423857,0.0,0,0
2025,2,Chinese Grand Prix,2025-03-23,shanghai,China,piastri,PIA,Oscar,Piastri,mclaren,McLaren,1,1.0,1,25,Finished,0,97.94749999999999,97.94749999999999,2.0,1.0,10.25,6.849574196011505,7.0,6.0,0.0,8.25,145.175,12.2,4.8,8.666666666666666,5.666666666666667,6.849574196011505,0.0,1,1
2021,1,Bahrain Grand Prix,2021-03-28,bahrain,Bahrain,raikkonen,RAI,Kimi,Räikkönen,alfa,Alfa Romeo,14,14.0,11,0,Finished,0,145.175,145.175,2.0,9.0,8.5,4.358898943540674,8.0,6.0,0.0,8.0,146.385,0.0,12.0,8.666666666666666,5.666666666666667,4.358898943540674,0.0,0,0
2021,1,Bahrain Grand Prix,2021-03-28,bahrain,Bahrain,ricciardo,RIC,Daniel,Ricciardo,mclaren,McLaren,6,6.0,7,6,Finished,0,145.175,145.175,2.0,9.0,8.5,4.358898943540674,8.0,6.0,0.0,8.0,146.385,12.0,4.0,8.666666666666666,5.666666666666667,4.358898943540674,0.0,0,0
2022,1,Bahrain Grand Prix,2022-03-20,bahrain,Bahrain,ricciardo,RIC,Daniel,Ricciardo,mclaren,McLaren,18,18.0,14,0,Finished,0,145.175,145.175,2.0,9.0,6.5,0.7071067811865476,6.5,7.0,0.0,6.0,146.385,8.2,7.0,7.0,6.0,0.7071067811865476,0.0,0,0
2024,1,Bahrain Grand Prix,2024-03-02,bahrain,Bahrain,ricciardo,RIC,Daniel,Ricciardo,rb,RB F1 Team,14,14.0,13,0,Lapped,0,145.175,145.175,2.0,9.0,9.0,4.358898943540674,9.0,4.666666666666667,0.0,10.0,146.385,4.800000000000001,9.1,10.5,3.0,4.358898943540674,0.0,0,0
2021,2,Emilia Romagna Grand Prix,2021-04-18,imola,Italy,ricciardo,RIC,Daniel,Ricciardo,mclaren,McLaren,6,6.0,6,8,Finished,0,145.175,145.175,2.0,9.0,7.0,4.358898943540674,7.0,6.0,0.0,6.0,146.385,11.0,4.666666666666667,8.666666666666666,5.666666666666667,4.358898943540674,0.0,0,0
2025,1,Australian Grand Prix,2025-03-16,albert_park,Australia,russell,RUS,George,Russell,mercedes,Mercedes,4,4.0,3,15,Finished,0,146.385,146.385,2.0,4.0,6.428571428571429,3.5050983275386565,5.0,10.0,0.0,7.142857142857143,146.385,7.6,6.2,8.666666666666666,5.666666666666667,3.5050983275386565,0.0,1,0
2021,1,Bahrain Grand Prix,2021-03-28,bahrain,Bahrain,russell,RUS,George,Russell,williams,Williams,15,15.0,14,0,+1 Lap,0,145.175,145.175,2.0,9.0,8.5,4.358898943540674,8.0,6.0,0.0,8.0,146.385,0.0,18.0,8.666666666666666,5.666666666666667,4.358898943540674,0.0,0,0
2022,1,Bahrain Grand Prix,2022-03-20,bahrain,Bahrain,russell,RUS,George,Russell,mercedes,Mercedes,9,9.0,4,12,Finished,0,145.175,145.175,2.0,9.0,14.0,4.358898943540674,14.0,0.0,0.0,15.0,146.385,18.75,2.25,14.0,0.0,4.358898943540674,0.0,0,0
2023,1,Bahrain Grand Prix,2023-03-05,bahrain,Bahrain,russell,RUS,George,Russell,mercedes,Mercedes,6,6.0,7,6,Finished,0,145.175,145.175,2.0,9.0,7.666666666666667,5.507570547286102,7.666666666666667,7.333333333333333,0.0,10.0,146.385,9.6,5.4,9.0,6.0,5.507570547286102,0.0,0,0
2024,1,Bahrain Grand Prix,2024-03-02,bahrain,Bahrain,russell,RUS,George,Russell,mercedes,Mercedes,3,3.0,5,10,Finished,0,145.175,145.175,2.0,9.0,6.8,4.207136793592526,5.333333333333333,9.333333333333334,0.0,8.0,146.385,8.8,5.6,8.333333333333334,6.0,4.207136793592526,0.0,0,0
2022,2,Saudi Arabian Grand Prix,2022-03-27,jeddah,Saudi Arabia,russell,RUS,George,Russell,mercedes,Mercedes,6,6.0,5,10,Finished,0,145.175,145.175,2.0,9.0,9.0,7.0710678118654755,9.0,6.0,0.0,12.0,146.385,14.4,4.0,8.666666666666666,5.666666666666667,7.0710678118654755,0.0,0,0
2023,2,Saudi Arabian Grand Prix,2023-03-19,jeddah,Saudi Arabia,russell,RUS,George,Russell,mercedes,Mercedes,3,4.0,4,12,Finished,0,145.175,145.175,2.0,9.0,7.5,4.509249752822894,5.333333333333333,9.333333333333334,0.0,9.0,146.385,7.4,6.4,5.0,10.0,4.509249752822894,-1.0,0,0
2024,2,Saudi Arabian Grand Prix,2024-03-09,jeddah,Saudi Arabia,russell,RUS,George,Russell,mercedes,Mercedes,7,7.0,6,8,Finished,0,145.175,145.175,2.0,9.0,6.5,3.834057902536163,5.333333333333333,9.333333333333334,0.0,7.166666666666667,146.385,8.0,6.0,4.5,11.0,3.834057902536163,0.0,0,0
2025,2,Chinese Grand Prix,2025-03-23,shanghai,China,russell,RUS,George,Russell,mercedes,Mercedes,2,2.0,3,15,Finished,0,98.8725,98.8725,2.0,3.0,6.0,3.464101615137755,4.666666666666667,11.0,0.0,6.75,146.385,9.0,5.6,8.666666666666666,5.666666666666667,3.464101615137755,0.0,1,0
2025,1,Australian Grand Prix,2025-03-16,albert_park,Australia,sainz,SAI,Carlos,Sainz,williams,Williams,10,10.0,18,0,Retired,0,145.175,145.175,2.0,9.0,4.428571428571429,2.0701966780270626,4.333333333333333,11.666666666666666,0.0,4.5,146.385,2.2,12.4,8.666666666666666,5.666666666666667,2.0701966780270626,0.0,0,0
2021,1,Bahrain Grand Prix,2021-03-28,bahrain,Bahrain,sainz,SAI,Carlos,Sainz,ferrari,Ferrari,8,8.0,8,4,Finished,0,145.175,145.175,2.0,9.0,8.5,4.358898943540674,8.0,6.0,0.0,8.0,146.385,8.0,6.0,8.666666666666666,5.666666666666667,4.358898943540674,0.0,0,0
2022,1,Bahrain Grand Prix,2022-03-20,bahrain,Bahrain,sainz,SAI,Carlos,Sainz,ferrari,Ferrari,3,3.0,2,18,Finished,0,145.175,145.175,2.0,9.0,6.5,2.1213203435596424,6.5,7.0,0.0,8.0,146.385,12.0,4.8,8.0,4.0,2.1213203435596424,0.0,1,0
2023,1,Bahrain Grand Prix,2023-03-05,bahrain,Bahrain,sainz,SAI,Carlos,Sainz,ferrari,Ferrari,4,4.0,4,12,Finished,0,145.175,145.175,2.0,9.0,4.5,2.6457513110645907,3.3333333333333335,14.333333333333334,0.0,4.666666666666667,146.385,15.6,5.4,5.0,11.0,2.6457513110645907,0.0,0,0
2024,1,Bahrain Grand Prix,2024-03-02,bahrain,Bahrain,sainz,SAI,Carlos,Sainz,ferrari,Ferrari,4,4.0,3,15,Finished,0,145.175,145.175,2.0,9.0,4.666666666666667,2.1602468994692865,4.333333333333333,11.666666666666666,0.0,4.6,146.385,7.6,8.0,4.666666666666667,11.333333333333334,2.1602468994692865,0.0,1,0
2021,2,Emilia Romagna Grand Prix,2021-04-18,imola,Italy,sainz,SAI,Carlos,Sainz,ferrari,Ferrari,11,8.0,5,10,Finished,0,145.175,145.175,2.0,9.0,8.0,4.358898943540674,8.0,4.0,0.0,8.0,146.385,8.0,6.0,8.666666666666666,5.666666666666667,4.358898943540674,0.0,0,0
2022,2,Saudi Arabian Grand Prix,2022-03-27,jeddah,Saudi Arabia,sainz,SAI,Carlos,Sainz,ferrari,Ferrari,3,3.0,3,15,Finished,0,145.175,145.175,2.0,9.0,5.0,3.0,5.0,10.666666666666666,0.0,5.5,146.385,17.0,2.8,8.666666666666666,5.666666666666667,3.0,0.0,1,0
2023,2,Saudi Arabian Grand Prix,2023-03-19,jeddah,Saudi Arabia,sainz,SAI,Carlos,Sainz,ferrari,Ferrari,4,5.0,6,8,Finished,0,145.175,145.175,2.0,9.0,4.4,2.3021728866442674,3.0,15.0,0.0,4.5,146.385,10.4,7.0,3.0,15.0,2.3021728866442674,-1.0,0,0
2025,2,Chinese Grand Prix,2025-03-23,shanghai,China,sainz,SAI,Carlos,Sainz,williams,Williams,15,8.0,10,1,Finished,0,107.312,107.312,1.0,15.0,6.125,5.166858675387646,9.0,7.666666666666667,0.0,5.285714285714286,146.385,3.2,13.0,8.666666666666666,5.666666666666667,5.166858675387646,0.0,0,0
2023,1,Bahrain Grand Prix,2023-03-05,bahrain,Bahrain,sargeant,SAR,Logan,Sargeant,williams,Williams,16,16.0,12,0,Lapped,0,145.175,145.175,2.0,9.0,8.5,4.358898943540674,8.0,6.0,0.0,8.0,146.385,0.2,14.2,8.666666666666666,5.666666666666667,4.358898943540674,0.0,0,0
2024,1,Bahrain Grand Prix,2024-03-02,bahrain,Bahrain,sargeant,SAR,Logan,Sargeant,williams,Williams,18,18.0,20,0,Lapped,0,145.175,145.175,2.0,9.0,12.0,4.358898943540674,12.0,0.0,0.0,16.0,146.385,0.2,13.2,12.0,0.0,4.358898943540674,0.0,0,0
2025,1,Australian Grand Prix,2025-03-16,albert_park,Australia,stroll,STR,Lance,Stroll,aston_martin,Aston Martin,13,13.0,6,8,Finished,0,154.483,154.483,2.0,11.0,9.2,2.280350850198276,9.333333333333334,3.0,0.0,11.8,146.385,5.6,8.8,8.666666666666666,5.666666666666667,2.280350850198276,0.0,0,0
2021,1,Bahrain Grand Prix,2021-03-28,bahrain,Bahrain,stroll,STR,Lance,Stroll,aston_martin,Aston Martin,10,10.0,10,1,Finished,0,145.175,145.175,2.0,9.0,8.5,4.358898943540674,8.0,6.0,0.0,8.0,146.385,4.800000000000001,9.1,8.666666666666666,5.666666666666667,4.358898943540674,0.0,0,0
2022,1,Bahrain Grand Prix,2022-03-20,bahrain,Bahrain,stroll,STR,Lance,Stroll,aston_martin,Aston Martin,19,19.0,12,0,Finished,0,145.175,145.175,2.0,9.0,9.0,1.4142135623730951,9.0,2.5,0.0,10.0,146.385,1.25,12.5,10.0,1.0,1.4142135623730951,0.0,0,0
2023,1,Bahrain Grand Prix,2023-03-05,bahrain,Bahrain,stroll,STR,Lance,Stroll,aston_martin,Aston Martin,8,8.0,6,8,Finished,0,145.175,145.175,2.0,9.0,10.0,2.0,10.0,1.6666666666666667,0.0,13.0,146.385,3.8,11.0,11.0,0.5,2.0,0.0,0,0
2024,1,Bahrain Grand Prix,2024-03-02,bahrain,Bahrain,stroll,STR,Lance,Stroll,aston_martin,Aston Martin,12,12.0,10,1,Finished,0,145.175,145.175,2.0,9.0,9.0,2.581988897471611,8.666666666666666,4.0,0.0,11.75,146.385,8.0,6.6,9.333333333333334,3.0,2.581988897471611,0.0,0,0
2021,2,Emilia Romagna Grand Prix,2021-04-18,imola,Italy,stroll,STR,Lance,Stroll,aston_martin,Aston Martin,10,10.0,8,4,Finished,0,145.175,145.175,2.0,9.0,10.0,4.358898943540674,10.0,1.0,0.0,10.0,146.385,0.5,12.5,8.666666666666666,5.666666666666667,4.358898943540674,0.0,0,0
2025,2,Chinese Grand Prix,2025-03-23,shanghai,China,stroll,STR,Lance,Stroll,aston_martin,Aston Martin,14,8.0,9,2,Finished,0,106.646,106.646,1.0,14.0,8.666666666666666,2.422120283277993,7.333333333333333,5.666666666666667,0.0,12.0,154.483,4.2,9.4,8.666666666666666,5.666666666666667,2.422120283277993,0.0,0,0
2025,1,Australian Grand Prix,2025-03-16,albert_park,Australia,tsunoda,TSU,Yuki,Tsunoda,rb,RB F1 Team,5,5.0,12,0,Finished,0,149.437,149.437,2.0,6.0,10.5,2.6457513110645903,11.0,1.3333333333333333,0.0,13.5,146.385,0.0,15.666666666666666,8.666666666666666,5.666666666666667,2.6457513110645903,0.0,0,0
2021,1,Bahrain Grand Prix,2021-03-28,bahrain,Bahrain,tsunoda,TSU,Yuki,Tsunoda,alphatauri,AlphaTauri,13,13.0,9,2,Finished,0,145.175,145.175,2.0,9.0,8.5,4.358898943540674,8.0,6.0,0.0,8.0,146.385,0.0,17.0,8.666666666666666,5.666666666666667,4.358898943540674,0.0,0,0
2022,1,Bahrain Grand Prix,2022-03-20,bahrain,Bahrain,tsunoda,TSU,Yuki,Tsunoda,alphatauri,AlphaTauri,16,16.0,8,4,Finished,0,145.175,145.175,2.0,9.0,9.0,4.358898943540674,9.0,2.0,0.0,13.0,146.385,2.0,13.25,9.0,2.0,4.358898943540674,0.0,0,0
2023,1,Bahrain Grand Prix,2023-03-05,bahrain,Bahrain,tsunoda,TSU,Yuki,Tsunoda,alphatauri,AlphaTauri,14,14.0,11,0,Finished,0,145.175,145.175,2.0,9.0,8.5,0.7071067811865476,8.5,3.0,0.0,14.5,146.385,2.8,11.4,8.5,3.0,0.7071067811865476,0.0,0,0
2024,1,Bahrain Grand Prix,2024-03-02,bahrain,Bahrain,tsunoda,TSU,Yuki,Tsunoda,rb,RB F1 Team,11,11.0,14,0,Lapped,0,145.175,145.175,2.0,9.0,9.333333333333334,1.5275252316519465,9.333333333333334,2.0,0.0,14.333333333333334,146.385,0.0,13.0,9.333333333333334,2.0,1.5275252316519465,0.0,0,0
2021,1,Bahrain Grand Prix,2021-03-28,bahrain,Bahrain,vettel,VET,Sebastian,Vettel,aston_martin,Aston Martin,20,18.0,15,0,+1 Lap,0,145.175,145.175,2.0,9.0,8.5,4.358898943540674,8.0,6.0,0.0,8.0,146.385,1.0,10.0,8.666666666666666,5.666666666666667,4.358898943540674,2.0,0,0
2022,1,Bahrain Grand Prix,2022-03-20,bahrain,Bahrain,zhou,ZHO,Guanyu,Zhou,alfa,Alfa Romeo,15,15.0,10,1,Finished,0,145.175,145.175,2.0,9.0,8.5,4.358898943540674,8.0,6.0,0.0,8.0,146.385,2.6666666666666665,9.666666666666666,8.666666666666666,5.666666666666667,4.358898943540674,0.0,0,0
2023,1,Bahrain Grand Prix,2023-03-05,bahrain,Bahrain,zhou,ZHO,Guanyu,Zhou,alfa,Alfa Romeo,13,13.0,16,0,Lapped,0,145.175,145.175,2.0,9.0,10.0,4.358898943540674,10.0,1.0,0.0,15.0,146.385,2.6,9.4,10.0,1.0,4.358898943540674,0.0,0,0
2024,1,Bahrain Grand Prix,2024-03-02,bahrain,Bahrain,zhou,ZHO,Guanyu,Zhou,sauber,Sauber,17,17.0,11,0,Lapped,0,145.175,145.175,2.0,9.0,13.0,4.242640687119285,13.0,0.5,0.0,14.0,146.385,0.0,19.0,13.0,0.5,4.242640687119285,0.0,0,0
